,20002,20009,20011,20019,20001,20020,20008,20003,20032,20016,20010,20007,20024,20017,20018,20037,20015,20012
1996-04-01,94300,178800,118900,91300,92000,104500,450100,130000,85700,362000,110500,358100,209800,121700,123000,277800,312400,185000
1996-05-01,94000,179200,118500,91000,92600,103800,448200,130100,85500,361200,111200,356000,208200,121400,122400,275800,311000,184900
1996-06-01,93700,179600,118200,90600,93200,103000,446300,130200,85400,360300,112000,353900,206600,121200,121800,273700,309800,184700
1996-07-01,93600,180000,117800,90400,93900,102200,444500,130400,85200,359400,112900,351700,205000,121000,121200,271600,308700,184400
1996-08-01,93400,180300,117600,90100,94600,101400,442900,130600,85000,358500,113800,349600,203300,120900,120700,269500,307900,184100
1996-09-01,93400,180700,117400,89900,95400,100600,441600,130900,84800,357700,114900,347500,201900,120900,120400,267600,307400,183900
1996-10-01,93400,181200,117400,89700,96100,100000,440700,131400,84600,357000,116100,345800,200500,121100,120200,265800,307300,183700
1996-11-01,93600,181800,117500,89600,96800,99500,440100,131900,84400,356500,117400,344400,199300,121400,120200,264200,307700,183800
1996-12-01,94000,182600,117800,89600,97700,99200,440100,132700,84200,356400,118800,343600,198300,121900,120500,263100,308800,184200
1997-01-01,94500,183700,118300,89500,98600,99200,440700,133700,84100,356800,120400,343300,197500,122400,121000,262600,310300,184900
1997-02-01,95000,184800,118800,89500,99400,99400,441600,134600,84000,357200,121800,343100,196800,123000,121600,262300,312300,185500
1997-03-01,95500,185600,119300,89500,99800,99700,442300,135400,83700,357200,123100,342900,196000,123600,122300,262000,314400,185900
1997-04-01,95900,186600,119800,89400,100100,100200,443000,136200,83500,357100,124200,343000,195400,124200,123100,262000,316800,186100
1997-05-01,96300,187500,120300,89400,100200,100900,444000,137000,83200,357100,125100,343500,195000,124700,124100,262300,319400,186300
1997-06-01,96600,188500,120800,89300,100100,101600,444900,137800,82900,357100,126000,344400,194800,125100,125100,262800,322100,186200
1997-07-01,96800,189400,121400,89300,100000,102400,445900,138500,82700,357100,126800,345600,194800,125400,126100,263500,324800,185900
1997-08-01,96900,190400,121900,89200,99800,103200,447100,139200,82600,357200,127500,347100,194900,125600,127100,264400,327400,185600
1997-09-01,97000,191400,122400,89300,99600,103900,448500,139800,82500,357400,128200,348900,195300,125800,128100,265500,329800,185200
1997-10-01,97100,192500,122900,89400,99400,104600,450200,140500,82500,357900,129000,351000,196000,125900,129100,266900,332300,184800
1997-11-01,97400,193700,123500,89700,99300,105200,452300,141300,82500,358600,129700,353500,197000,126100,130100,268500,334800,184600
1997-12-01,97800,195200,124200,90200,99500,105900,455000,142200,82800,360100,130600,356800,198300,126400,131100,270700,337400,184700
1998-01-01,98500,197000,124900,90700,100100,106600,458500,143300,83100,362300,131500,360500,199700,126700,131900,273300,340300,185300
1998-02-01,99300,198600,125600,91300,100800,107200,462300,144400,83500,364700,132400,364200,201200,127100,132600,276100,343100,186000
1998-03-01,100200,200100,126100,92000,101500,107800,466100,145200,83800,367000,133100,368000,202700,127500,133100,278900,345800,186600
1998-04-01,101300,201700,126500,92800,102500,108400,470400,146200,84200,369700,133700,372200,204300,128000,133500,281900,348600,187300
1998-05-01,102600,203300,126900,93500,103700,109100,475000,147200,84800,372700,134300,376700,206000,128400,134000,285000,351400,188200
1998-06-01,104100,205000,127400,94300,105100,109800,479800,148500,85400,376000,134900,381400,207800,128900,134400,288100,354400,189200
1998-07-01,105700,206700,127800,95100,106800,110500,484800,149800,86200,379700,135500,386300,209600,129300,134700,291400,357300,190100
1998-08-01,107300,208400,128200,95900,108600,111300,490100,151300,87000,383500,136000,391100,211500,129700,135000,294700,360200,191200
1998-09-01,109000,210300,128600,96700,110600,112000,495600,152900,87900,387500,136600,395800,213400,130100,135200,298100,363100,192400
1998-10-01,110600,212300,129200,97600,112700,112600,501600,154700,88900,391700,137200,400500,215500,130500,135500,301500,366100,193900
1998-11-01,112000,214500,129900,98500,114800,113200,508000,156700,90000,396200,137800,405300,217800,131000,135900,305100,369300,195500
1998-12-01,113300,217100,130700,99400,117100,113800,515100,159200,91200,401500,138400,410300,220300,131600,136300,309100,372700,197600
1999-01-01,114500,220000,131600,100200,119500,114300,523000,161900,92500,407200,139100,415300,222800,132300,136800,313400,376400,199900
1999-02-01,115400,222900,132400,100900,121900,114600,531200,164500,93600,413200,139800,420100,225300,132900,137300,317600,380200,202200
1999-03-01,116100,225800,133300,101400,124000,114900,539600,167100,94800,419100,140200,424800,227600,133600,137700,321600,384000,204300
1999-04-01,116700,228800,134100,101800,126000,115000,548600,169900,95900,425500,140500,429700,230000,134400,138100,325700,388100,206400
1999-05-01,117200,232000,135000,102000,127800,115200,558000,172700,97100,432200,140800,435000,232300,135100,138700,329600,392500,208400
1999-06-01,117800,235300,135900,102100,129600,115300,567600,175600,98200,439100,141100,440800,234700,135900,139400,333400,397100,210100
1999-07-01,118300,238600,136700,102000,131300,115500,577400,178500,99200,446200,141400,447000,236900,136700,140200,337000,401900,211700
1999-08-01,118800,242000,137400,101800,132700,115600,587600,181200,100300,453400,141900,453600,239100,137500,140900,340600,406700,213200
1999-09-01,119500,245600,138100,101500,134100,115800,597800,183800,101300,460400,142500,460600,241300,138300,141700,343900,411700,214500
1999-10-01,120200,249200,138800,101200,135400,116100,608500,186300,102200,467400,143200,468000,243600,139100,142400,347200,416900,215900
1999-11-01,121100,253100,139600,100800,136600,116500,619400,188700,103100,474300,144000,475900,246100,140200,143400,350600,422300,217400
1999-12-01,122300,257400,140400,100500,137900,117000,631000,191300,104000,481400,145000,484400,248700,141400,144500,354500,428100,219200
2000-01-01,123700,262000,141300,100100,139300,117500,643200,193900,104900,488500,146300,493000,251200,142600,145500,358700,434100,221400
2000-02-01,125200,266600,142200,99800,140700,118100,655500,196200,105700,495000,147700,501200,253900,143900,146400,363000,440000,223600
2000-03-01,126600,271100,143100,99500,141800,118700,667700,198300,106200,500500,149000,508900,256500,145200,147300,367200,445700,225500
2000-04-01,128000,275700,144100,99400,142800,119100,680000,200300,106800,505500,150300,516300,259200,146500,148100,371500,451200,227500
2000-05-01,129400,280400,145200,99400,143700,119500,692200,202300,107400,510100,151600,523200,262100,147800,149000,375900,456700,229300
2000-06-01,130800,285100,146200,99500,144600,119800,704400,204400,107900,514200,153100,529700,265200,149000,150000,380400,462100,231000
2000-07-01,132000,289800,147200,99800,145600,120200,716600,206700,108400,518100,154600,535500,268400,150200,150900,384900,467400,232600
2000-08-01,133100,294500,148100,100300,146600,120400,728600,209200,108800,521900,156300,540900,271700,151200,151600,389600,472500,234300
2000-09-01,134200,299200,148900,101000,147700,120700,740500,212100,109200,525700,158000,546000,275300,152200,152400,394500,477600,236100
2000-10-01,135200,304100,149700,101800,148900,121000,752500,215300,109700,529600,160000,551100,279300,153200,153100,399600,483000,238300
2000-11-01,136400,309100,150700,102800,150100,121400,764500,219100,110200,533800,162100,556600,283500,154200,153800,405100,488700,241000
2000-12-01,137600,314500,151900,103900,151600,122000,776500,223600,110800,538600,164400,562700,288000,155400,154600,411200,494800,244400
2001-01-01,138900,320000,153300,105100,153300,122600,788500,228500,111500,544000,166800,569200,292500,156700,155400,417900,501200,248500
2001-02-01,140200,325500,154900,106500,155200,123400,800300,233700,112200,549600,169300,576100,297000,158000,155900,424800,507800,253000
2001-03-01,141400,331100,156600,108000,156900,124200,811800,239000,112800,555200,171700,583400,301500,159300,156300,431900,514700,257900
2001-04-01,142600,336800,158400,109500,158500,125100,822900,244700,113600,560800,174100,591200,306200,160600,156700,439200,521800,263000
2001-05-01,143700,342500,160400,111100,160000,126000,833200,250400,114400,566200,176700,599200,310900,161900,157200,446500,528900,268200
2001-06-01,144700,348100,162400,112800,161600,126800,842700,256400,115200,571600,179300,607600,315600,163000,157600,453700,536000,273300
2001-07-01,145700,353600,164300,114300,163300,127500,851300,262400,116000,576800,182100,616100,320200,164100,158000,460700,543000,278200
2001-08-01,146600,359100,166100,115800,165000,128100,859100,268400,116900,581700,185100,624800,324700,165000,158400,467500,549600,283000
2001-09-01,147400,364700,167900,117100,166700,128600,866200,274400,117800,586700,188400,633500,329200,165800,158700,474000,555900,287600
2001-10-01,148400,370300,169500,118300,168600,129100,873100,280300,118700,591900,192100,642500,333900,166500,159200,480400,562100,292100
2001-11-01,149400,376300,171000,119500,170700,129700,879500,286300,119600,597700,195800,652000,338700,167300,159900,486800,568100,296700
2001-12-01,150600,382300,172500,120500,173100,130300,885500,292300,120600,604100,199600,661700,343400,168300,160800,493600,574100,301300
2002-01-01,151800,388500,174100,121400,175800,131000,891500,298100,121600,611300,203500,671400,347800,169400,161800,500500,579900,306100
2002-02-01,153000,394700,175700,122100,178900,131700,897700,303500,122500,619100,207500,680700,352100,170500,162900,507300,585700,310600
2002-03-01,154300,401100,177300,122500,182100,132500,903900,308600,123400,627500,211200,690200,356100,171700,164100,514200,591300,314900
2002-04-01,155700,407600,178900,122800,185400,133300,909700,313300,124200,636200,214800,699600,360100,173000,165500,520900,596900,318600
2002-05-01,157400,413900,180700,123100,188900,134200,915100,317800,125000,645000,218200,708700,364000,174300,167200,527300,602500,321700
2002-06-01,159400,420000,182600,123300,192700,135000,920000,322000,125700,653900,221700,717500,367900,175500,169200,533500,608000,324000
2002-07-01,161700,426100,184800,123300,196700,135900,924500,325900,126400,662400,225100,725800,371600,176700,171400,539300,613300,325600
2002-08-01,164300,431900,187300,123400,200900,136700,928700,329500,127100,670300,228700,733600,375200,177700,173700,544700,618300,326600
2002-09-01,167200,437700,190000,123500,205200,137700,933000,332900,127800,677400,232400,741100,379100,178800,176100,549800,623100,327300
2002-10-01,170500,443700,193200,123600,209400,138600,937400,336300,128500,683900,236200,748700,383200,180000,178600,554900,627800,328000
2002-11-01,174000,449800,197000,123900,214700,139700,943300,339600,129000,690500,241300,756100,388400,181000,181200,560200,632600,328900
2002-12-01,177900,456800,201500,124200,220700,140900,949500,342700,129700,696300,247300,763600,395700,182300,184100,565300,637100,329000
2003-01-01,182500,464700,206300,124600,225700,142200,953100,345800,130700,700100,252900,771400,403700,184500,187800,569700,641100,328200
2003-02-01,187800,472500,211000,125300,230000,143400,953900,349200,131900,702300,258100,778200,410600,187200,192500,573200,644800,326700
2003-03-01,193500,479600,215500,126100,235900,144500,955500,352600,132900,704800,264700,782900,417000,189900,197800,576200,648900,325500
2003-04-01,199600,486400,219800,127100,243200,145600,959000,355700,133900,707600,272800,785300,423900,192500,203000,579000,653400,325700
2003-05-01,205800,493300,223700,128300,251200,147000,965100,358500,134700,711000,281800,785800,431300,195200,207700,582000,658200,328500
2003-06-01,212000,500600,227200,129600,259400,148700,972700,361200,135500,715400,291300,785400,438600,198300,212100,585900,663400,334200
2003-07-01,218300,508100,230700,131200,267500,150700,979900,364100,136400,721000,300600,785800,445400,202000,216400,590500,669200,342400
2003-08-01,224700,515400,234400,133200,275900,152900,985700,367500,137300,728300,309000,788500,451100,206100,221100,595700,676000,352100
2003-09-01,231200,522900,238300,135500,284700,155000,991000,371600,138400,737600,316400,794000,455900,210500,226200,601100,683600,361900
2003-10-01,237900,530900,242100,138000,293900,157000,997200,376600,139500,748400,323000,801700,460100,215100,231500,606400,692200,370700
2003-11-01,244600,539200,245700,140500,303100,159000,1005100,382600,140700,760000,328900,809900,463900,219800,236800,611700,701400,377700
2003-12-01,251200,547400,249000,143200,311800,160800,1015600,389600,141800,772100,334400,817900,467500,224300,241900,617000,711300,382800
2004-01-01,257500,555000,252300,145800,320200,162700,1028300,397300,143100,784300,339800,825700,471100,228500,246900,622400,721700,387400
2004-02-01,263500,562000,255800,148200,327900,164500,1041400,405600,144700,796100,345100,833900,474600,232800,251600,627900,732200,392500
2004-03-01,269500,569100,259800,150500,334600,166500,1053100,414500,146800,807500,350300,843600,477700,237500,256400,633500,742600,398500
2004-04-01,275800,576800,264400,152700,340600,168800,1063000,424200,149300,818700,355700,855200,479600,242700,261400,638900,752600,405700
2004-05-01,282300,585400,269700,155000,346500,171300,1072600,434600,152200,829300,361600,868500,481200,248500,266400,644200,762200,413400
2004-06-01,289100,595200,275900,157600,352400,174100,1084100,445500,155300,839600,368000,882500,484500,254800,271500,649400,771900,421400
2004-07-01,296400,605900,282400,160300,358700,177100,1099200,456700,158200,849400,374900,895600,490900,261600,277100,654800,782200,429400
2004-08-01,303900,616900,289000,163100,365300,180300,1117600,467800,160900,858700,381900,906500,500000,269000,282900,661400,792600,437500
2004-09-01,311800,628000,295700,165800,372500,183900,1138500,478400,163600,867500,389100,915200,510300,277000,288600,670200,802700,447000
2004-10-01,319500,638500,302300,168400,380200,187800,1159500,488300,166300,875400,396000,922300,519400,285400,293400,681500,812000,458500
2004-11-01,326500,647500,308600,170800,387800,191700,1178200,496300,169100,881400,401900,927800,524900,293600,297100,693800,819400,471700
2004-12-01,332600,654900,314600,173100,395000,195300,1195000,502600,172000,885500,407100,932100,526900,301200,299600,705400,824900,486200
2005-01-01,338100,661400,320200,175400,402200,198700,1211500,508000,174800,888800,412500,935900,529000,307800,301800,715400,829300,500800
2005-02-01,343600,667900,325300,178000,409600,201800,1228300,513600,177500,892300,418500,940300,534400,313700,304200,724200,833400,514000
2005-03-01,349200,674900,330500,180900,416900,204800,1245600,520100,180300,896100,424800,945800,543500,319500,307300,733100,837700,525100
2005-04-01,355000,682700,335600,184100,424000,207600,1263000,527300,183200,900100,430700,951900,554300,325600,311200,743100,842200,533400
2005-05-01,360900,691300,340400,187200,430700,210100,1278600,534800,186100,904300,435900,957900,564900,331700,315700,754200,846300,538500
2005-06-01,367100,700600,345100,190200,437100,212500,1291700,542200,189100,908900,440900,964000,574300,337400,320700,765600,849600,541300
2005-07-01,373300,709900,349900,193100,443500,215100,1302500,549100,192400,913500,446100,969900,582000,342500,326100,775400,851800,542600
2005-08-01,379300,718100,354700,196000,449200,217800,1310500,555100,196000,917200,451400,975100,588300,347000,331500,781900,852600,543000
2005-09-01,384700,724900,359500,198700,454000,220700,1316100,560000,199800,919700,456200,979600,593900,351200,336900,784700,852400,542900
2005-10-01,389900,730200,364200,201500,457900,223600,1320100,564100,203700,921000,460400,983300,600400,355400,342600,784500,851900,542400
2005-11-01,394900,734300,368600,204500,460800,226400,1322800,567400,207500,921700,463700,986400,608800,359900,348700,782300,851200,542200
2005-12-01,399500,737500,372800,207500,463200,229300,1324500,569800,211300,922200,466700,989200,618800,364500,355200,779400,850700,542400
2006-01-01,403500,740000,376500,210700,465800,232400,1326300,571800,214800,923200,469900,992300,628800,368500,361300,776700,850800,543200
2006-02-01,406800,741900,379700,214100,468600,235800,1326900,573200,218200,924600,473200,995900,637500,371500,366300,773700,851500,544500
2006-03-01,409200,742900,382800,217900,470800,240100,1326700,573800,221500,925500,475800,1000100,644500,373400,370600,769500,852200,545800
2006-04-01,410500,741800,385900,222000,472000,245200,1326200,573300,224900,925300,477300,1005100,649700,374400,374400,763600,852500,546600
2006-05-01,411100,738500,388500,226000,472500,250200,1324600,572200,228300,924300,477500,1011200,653200,374700,377300,756800,852400,546900
2006-06-01,411100,733100,390600,229800,472700,254700,1320300,570900,232000,923000,476800,1018700,655600,374800,379400,751800,852200,547400
2006-07-01,410300,726100,392500,233500,472600,258700,1314400,569300,236200,922100,475700,1027200,656500,375000,380900,751100,852300,548200
2006-08-01,408700,718500,393900,236600,471700,262300,1307600,567400,240800,922000,474600,1035400,655600,375100,381900,754900,852600,549000
2006-09-01,406900,711800,394800,239000,469500,265500,1301000,565900,245400,922900,473500,1042300,652900,374900,382700,761200,853300,549400
2006-10-01,405300,706700,395300,241000,465600,268800,1295500,565000,249700,924500,472700,1047600,649300,374300,383700,767200,854300,549100
2006-11-01,404100,703400,395800,242600,460400,272000,1291300,565000,253400,927100,472000,1051900,645600,373700,385100,771000,855900,548900
2006-12-01,403500,702300,396800,244200,455400,275600,1289100,566500,256800,931000,471900,1056400,642900,373900,387400,772600,858800,549300
2007-01-01,404000,703400,398300,245700,452100,279300,1290500,569300,259700,935900,473100,1061100,642000,375200,390300,774000,862400,550400
2007-02-01,405200,706000,399700,247100,450300,282800,1293800,573100,261900,941200,475400,1064700,643100,377200,393000,777300,865900,551600
2007-03-01,406400,708900,401000,248600,449000,286500,1298700,576700,263700,945800,478000,1065800,644900,379100,395400,783500,869000,552100
2007-04-01,407200,711600,402500,250100,447800,290400,1305600,579700,265300,949200,480800,1064500,646400,380800,397400,791500,871700,551400
2007-05-01,407800,714500,403400,251400,447100,292900,1313100,582200,266700,951100,483300,1062200,647000,382100,398800,798600,873500,550300
2007-06-01,408100,717800,403700,252400,446800,294100,1320000,584400,267900,952300,485200,1061600,646800,383100,399700,803100,874500,549300
2007-07-01,407800,721300,403500,253300,446400,294800,1328400,585400,268400,953200,486000,1062900,645100,384000,400100,804000,874800,548200
2007-08-01,406600,725000,402600,254100,445600,295200,1336000,584900,267900,953600,486300,1064100,641900,384700,399900,801500,874500,547000
2007-09-01,405000,728500,400900,254600,444400,295500,1340700,583500,267000,952500,486700,1063800,637500,384700,398800,797000,874100,544600
2007-10-01,403000,731100,398700,254900,443100,295500,1342100,581300,265600,949400,487900,1062100,633200,383800,397200,792600,873300,540400
2007-11-01,400700,732500,395800,254800,442300,294500,1340400,578400,264000,944500,489200,1058600,628800,381700,395100,789500,871700,534500
2007-12-01,398100,732900,392600,254200,442200,292700,1335300,574300,262200,938600,490000,1054300,623400,378500,392600,788300,869400,527700
2008-01-01,395800,732800,388900,253100,442700,290300,1328900,569300,260200,933000,490100,1050600,615400,374800,389700,788400,866600,521000
2008-02-01,394000,732100,384700,251300,444000,287300,1319000,563500,257900,928600,489200,1048300,603600,370900,386500,788000,863300,515200
2008-03-01,391700,729500,380400,249400,445400,284600,1307700,556900,255700,925200,487000,1046600,588300,366600,383400,786300,859600,510600
2008-04-01,388700,724500,376800,247500,445900,282200,1298000,549800,253600,922900,483600,1044100,572100,362200,380500,784000,855400,507100
2008-05-01,385700,718600,373600,245600,445800,279100,1290000,544000,252100,922000,479700,1040000,558700,357700,377200,782200,851300,505200
2008-06-01,383100,712700,370800,243600,444800,275800,1282100,540200,250700,922800,475800,1035200,550900,353400,373600,781600,848100,504500
2008-07-01,380800,707700,368200,241600,442300,273500,1277600,538300,248400,923500,472700,1031300,551100,349700,369700,781800,845900,503200
2008-08-01,378700,704300,365300,239100,438200,271800,1274000,538000,245100,923200,470100,1028900,557700,346400,365100,781300,843800,500500
2008-09-01,376800,701700,361900,236400,433300,270500,1270000,538300,241400,921900,467500,1027200,565900,343000,360100,780600,841700,497000
2008-10-01,375100,698800,358500,233700,428200,269100,1266300,538600,237500,920600,464500,1025700,573100,339400,355000,780000,839300,493400
2008-11-01,373200,696100,355000,230800,423300,267300,1264400,539300,233200,919400,461400,1024100,580100,335500,349600,779500,836600,490300
2008-12-01,371000,693600,352200,227800,418700,265300,1263700,540400,228700,918500,458300,1022400,587600,331800,344300,779100,834000,487800
2009-01-01,368900,691600,349600,224900,414700,263200,1265100,542000,224200,918100,455800,1020800,595600,328700,339000,778900,832000,485600
2009-02-01,367400,690300,346600,221800,411100,261200,1264600,544000,219700,918000,453600,1019500,603800,326000,333700,778300,830300,483300
2009-03-01,365500,688100,343400,218700,406700,260100,1262600,545300,215100,916800,450900,1017400,611400,322800,328400,777300,828000,480400
2009-04-01,363100,684700,340400,215800,401300,259500,1260900,545700,210600,914100,447700,1014000,618200,319300,323100,776100,825000,476600
2009-05-01,360600,681200,337100,213100,395400,258300,1259300,546100,206600,910700,444300,1010600,625300,315700,317900,775000,821400,472700
2009-06-01,359100,679500,333800,210200,390800,256300,1256300,547300,203100,908300,441000,1007400,630200,312000,312900,773300,819000,469700
2009-07-01,358600,680500,331000,206900,389200,253600,1255100,549200,199800,907700,438400,1002300,628500,308300,308700,769900,818900,468100
2009-08-01,358900,683200,328900,203600,391000,250100,1252800,551300,197200,908600,436800,994900,621600,304900,305600,765300,819800,467700
2009-09-01,359700,685700,326700,200700,394600,246800,1248900,553100,195800,909900,435700,988100,613900,301900,303200,761100,820700,467800
2009-10-01,361100,687100,324500,198700,398700,244000,1246300,554800,195400,911200,434900,983700,607700,299400,301800,758100,821300,468300
2009-11-01,362200,687500,322600,197300,402400,241700,1247400,556500,195500,912700,434500,982100,604500,297400,301200,756100,821500,469400
2009-12-01,364000,688200,320100,196600,406300,238600,1249000,559300,195900,915000,435000,982600,604300,295900,300500,755100,821500,472000
2010-01-01,365300,689200,318800,196300,409300,236600,1242500,561700,195900,918300,436000,983900,605900,294600,300100,754900,822100,474500
2010-02-01,365000,689000,319600,196200,410300,237700,1242600,562000,195600,920000,436700,985100,607100,294900,301000,754300,823200,475000
2010-03-01,365600,692600,318800,195200,411200,235700,1241600,564300,195000,921500,437100,986700,612900,296500,300100,754200,823800,476600
2010-04-01,368500,700300,314800,193200,414000,228800,1229400,569600,193400,923700,436800,989000,622700,297500,297200,757000,823700,480000
2010-05-01,370200,705900,311400,191600,416000,224400,1213100,573100,191000,926300,434700,990800,629100,297800,295400,761000,823400,481200
2010-06-01,369900,707100,308000,190900,416000,224600,1212700,572900,188800,926100,431400,991200,629400,298100,295300,765100,824200,478300
2010-07-01,369500,707600,303900,190600,414100,224700,1213200,572800,187400,922900,428000,991900,627300,297900,295300,768500,826100,472700
2010-08-01,370000,706100,301700,191000,412000,224200,1215500,573400,186300,917600,425200,994800,623500,297000,295500,771400,827600,465000
2010-09-01,370600,703800,302400,191200,410700,222900,1218500,575000,184500,915300,423900,998200,620300,296400,295500,774700,828100,458600
2010-10-01,370600,702900,303800,190400,411000,220700,1221700,576100,181800,915300,423200,999400,616700,296300,295100,777600,828500,455200
2010-11-01,372000,703800,305000,189300,413100,218600,1222200,577600,179200,916900,424100,1000400,613300,297500,295100,779500,830700,452200
2010-12-01,374800,703400,305900,189100,417600,217200,1222400,579700,176900,919200,426500,1002000,611200,300200,295800,780200,833700,448500
2011-01-01,376200,700800,306600,188900,420800,215300,1223300,581000,175300,921100,428500,1001500,610700,302600,296800,778500,835000,445400
2011-02-01,375800,698800,307000,188100,420400,212600,1222000,580400,174800,920100,427500,998300,610300,302900,297500,776300,833400,443300
2011-03-01,375000,697200,308200,186000,417900,210000,1217300,577900,173800,917400,424900,993700,607500,302300,299100,773900,830600,440100
2011-04-01,373600,696400,308800,183400,416100,207800,1210000,575300,171500,916000,425000,989500,602900,302300,301200,766700,828300,436600
2011-05-01,373600,697800,308700,180500,415800,205400,1205500,573200,167600,916400,428900,989100,602000,303700,302700,754100,827100,434400
2011-06-01,374600,701900,309100,177100,417800,202800,1200300,572500,163300,917300,435500,992100,604300,305700,302700,740700,825300,433200
2011-07-01,375400,704600,310200,173500,420200,199900,1193600,571600,160700,917100,442000,992000,604600,305800,302300,731100,820600,433000
2011-08-01,375000,705300,310200,170200,422200,197600,1184800,570600,159600,916400,446700,987400,603300,304200,301500,726800,814300,435600
2011-09-01,375400,707100,310500,167900,424500,196100,1179700,570100,158000,915600,450000,985700,603400,303900,302200,724400,810600,440400
2011-10-01,376400,710600,312000,167000,427400,194400,1176400,572000,156200,916200,453300,989200,605100,305600,304100,723400,810100,445400
2011-11-01,376800,714100,313500,166200,428600,192000,1174300,573500,154600,916700,455500,994800,601000,307200,306000,725900,810200,449500
2011-12-01,376900,719000,314500,164900,427900,190100,1172100,574500,153400,917200,455000,1002000,590700,308400,307100,730400,811400,453300
2012-01-01,378600,724700,315600,163900,427700,188600,1173100,576800,152800,917700,451600,1008400,580200,309100,308200,734400,814300,456500
2012-02-01,381500,729400,317200,164100,429200,185700,1177100,581200,152700,920700,448300,1012500,573500,309900,308100,738400,818200,459100
2012-03-01,384100,734100,319500,165200,432900,182500,1190600,586300,154000,924700,448600,1016700,568200,310400,308700,744700,822400,462100
2012-04-01,386800,738200,323300,166300,437700,181700,1214300,591300,156900,927800,451000,1024400,564300,311400,310800,752700,828700,465600
2012-05-01,389800,740400,327400,167000,442500,182700,1231900,596400,160000,929300,454000,1030500,562000,313200,313500,763000,835700,468300
2012-06-01,393100,740700,330800,167400,446800,183400,1234200,600600,162300,931100,457000,1029400,560900,314800,315100,774900,840600,470500
2012-07-01,395700,741100,334500,168300,451400,184000,1228100,603700,162600,933700,459800,1023900,562200,317800,316700,785400,843900,473600
2012-08-01,398400,744200,338500,169400,454800,184700,1229300,606200,161800,938000,463100,1020400,565000,322600,318400,792100,848400,477200
2012-09-01,401600,748800,341200,169800,459400,184100,1235600,609300,161600,943500,467500,1018700,570600,327800,319900,798000,852800,479900
2012-10-01,405000,753000,343500,169800,466100,183800,1242000,612300,163700,948600,473300,1017800,580600,331300,320300,804100,856400,481000
2012-11-01,407600,755000,346500,170700,471400,185800,1245700,615800,167100,952000,477600,1016400,596100,334100,321200,809100,859600,481200
2012-12-01,410500,756500,349600,171600,472000,189300,1253200,618900,169800,954900,479600,1015300,609200,335700,323100,811800,862100,481000
2013-01-01,413600,757700,351900,171600,472200,193400,1259200,621900,171200,956200,483200,1015500,615100,337400,325900,813200,863200,481900
2013-02-01,416900,759700,353700,171500,475900,196900,1259800,625400,171800,956100,490200,1015800,616300,339100,330000,815200,863700,484300
2013-03-01,420300,762700,356100,171400,481000,200200,1258500,629800,172100,955800,497100,1014800,619600,342200,335000,814600,865200,487600
2013-04-01,425700,767400,360800,172100,485600,204200,1260800,633100,172200,958700,503000,1015100,623700,346300,338900,811200,868400,491500
2013-05-01,431600,774100,368000,173300,492100,206700,1267500,635900,173700,963800,510400,1018000,625800,350600,342800,810000,871400,498200
2013-06-01,436200,781900,376700,175300,501000,206300,1270300,638000,176200,967900,519100,1021800,625800,353500,347600,809000,872300,506900
2013-07-01,442500,790000,385300,177500,510500,206700,1276400,640700,179400,971800,528600,1031900,628900,356600,353000,810000,875600,514700
2013-08-01,450200,796500,392400,179600,519400,208400,1288700,644800,181500,976900,537400,1047800,635600,360000,359300,815700,880800,521200
2013-09-01,455300,801600,397700,182200,526300,211000,1304500,649600,183000,980100,544100,1061700,639200,361500,366500,820700,883800,528100
2013-10-01,457200,805800,401700,185000,530500,214200,1311300,653100,184100,981200,547400,1069000,637600,361900,373800,817300,884000,534100
2013-11-01,460200,811900,405800,187200,537000,218200,1308500,655300,184700,983800,552900,1073900,637700,363400,380000,810000,884400,540500
2013-12-01,462900,817500,410100,188500,546600,221600,1300800,656300,185100,985500,562000,1073300,643500,365600,384100,806500,882800,545300
2014-01-01,465900,822100,414700,189100,556500,223100,1298200,657400,185500,986900,573300,1069000,653900,367300,384800,809500,880000,549000
2014-02-01,470400,825800,419200,189800,565100,224100,1301700,660500,186300,988600,584300,1066500,667000,369100,383900,815500,880500,553300
2014-03-01,476400,828500,423900,192100,574300,226500,1306600,665600,187700,991400,595000,1071100,681900,371200,384000,821100,884500,558800
2014-04-01,480300,829900,428300,194900,583400,229300,1311100,671300,189600,994500,604100,1077500,695700,372900,385700,829400,888000,562500
2014-05-01,483800,832900,432600,197400,591300,231200,1318900,677200,191200,995700,610500,1081600,707200,372700,386100,836100,891300,564900
2014-06-01,488100,837400,436200,198800,596400,233000,1332800,682800,191400,994200,612800,1082500,718900,373900,385400,843200,895300,568000
2014-07-01,493100,841100,438400,199600,600000,235200,1340900,687300,190900,993600,612800,1084000,730200,378200,385800,851200,897800,573800
2014-08-01,498900,842900,440000,200300,603400,237000,1339700,690500,192000,993200,614300,1086000,736900,383500,385900,857500,899400,578500
2014-09-01,506200,843200,441600,201500,605900,238300,1336600,693200,194700,992000,616200,1087400,738400,388300,385200,856600,902500,579200
2014-10-01,514400,843800,443800,202500,607900,239500,1343200,695800,196100,991900,618900,1090700,737900,393400,384800,859200,906100,579200
2014-11-01,521100,845900,446200,203000,609500,239900,1353900,697000,197100,993600,622000,1095100,736600,397200,384700,867200,907900,579200
2014-12-01,525800,850600,449200,203600,611300,239900,1361800,697300,201400,995600,624300,1101200,736100,400200,386000,875400,909700,580600
2015-01-01,531000,858200,452700,205000,614600,241400,1368800,699100,208100,997500,627500,1115400,739100,403500,390500,883300,914800,584000
2015-02-01,537600,867800,455900,206600,621500,244400,1375600,703300,213100,1004600,634400,1138700,740800,407400,396700,895000,921600,589600
2015-03-01,544100,876700,457600,208400,628800,247200,1376400,705200,217000,1017700,642200,1156800,734400,411900,401500,905400,926700,595100
2015-04-01,550700,885200,459200,210800,635100,249800,1372500,705900,222300,1029200,648700,1163300,724300,418000,407000,908700,929600,601200
2015-05-01,558100,894600,461700,213400,642000,252400,1373800,709300,227700,1038300,656500,1168400,717900,424800,415300,909800,935700,607000
2015-06-01,565700,902600,465300,216700,649600,255400,1382600,716300,232300,1051000,666600,1181300,715100,430800,425000,912100,944200,611800
2015-07-01,571200,909900,468400,220300,657100,259000,1393500,722900,236000,1065900,675900,1195600,713500,435400,432600,910800,949300,614000
2015-08-01,574700,917500,470900,223700,666900,262100,1395800,728600,240100,1080900,683300,1205500,726000,440200,439000,906500,950900,616800
2015-09-01,578700,925200,474200,226000,679300,265700,1390200,732200,244200,1096400,690900,1213300,749100,445200,444600,907500,954100,621400
2015-10-01,583200,929200,477600,227300,688900,270200,1383700,735000,247100,1107500,698200,1218700,767900,449700,449700,911400,958100,627600
2015-11-01,586100,930300,479600,228800,694800,274200,1379100,737800,248400,1113700,702400,1222700,774900,452900,452500,908300,961500,633900
2015-12-01,587400,929100,481100,231200,698500,277000,1374000,740600,246900,1118500,704900,1228100,782300,454600,452900,902300,963300,638500
2016-01-01,587100,927400,482600,233200,701900,279500,1367900,741500,243400,1123000,705500,1228500,785200,456300,452400,895100,962200,640700
2016-02-01,587700,925900,484300,235600,705500,281500,1362100,742400,240700,1126000,704500,1223700,789400,458400,451700,881400,960300,641700
2016-03-01,590500,926200,488700,239500,707900,283700,1362300,745800,239200,1127600,704500,1223000,800900,462300,452500,872700,963100,642400
2016-04-01,595300,927400,496100,243500,710800,286700,1374200,751400,237900,1130800,706300,1228100,823200,468800,455000,885600,970800,643800
2016-05-01,600000,930400,503600,247100,714300,290900,1390900,757000,239400,1139100,706800,1232400,844500,476800,460400,906600,976700,647800
2016-06-01,604900,934300,509900,250800,717900,295400,1404000,761400,243000,1151500,704700,1236300,862300,483800,468200,915600,978800,653100
2016-07-01,608100,937000,516100,253200,720000,298400,1414800,763900,245800,1162500,702200,1239100,877400,490600,476700,915500,980200,657800
2016-08-01,608800,940600,523400,254300,720800,299800,1423800,764900,246400,1169900,699900,1244500,886600,496300,484000,914400,982800,660200
2016-09-01,609300,945600,529500,254700,719400,300900,1431600,765300,246300,1175800,697900,1255900,886700,500500,491300,916500,985000,660900
2016-10-01,613900,954200,536000,256400,718200,302300,1442200,768200,248100,1186100,698500,1272800,886000,505500,498300,920400,988500,662100
2016-11-01,621100,963700,547000,259400,719600,303900,1456500,774700,250800,1197600,702200,1286300,887100,513500,504800,921600,991900,665500
2016-12-01,629200,971600,561300,262400,726300,305200,1474900,783900,254600,1206300,708300,1294500,890000,522000,512000,921500,996700,670900
2017-01-01,637800,977700,571600,265900,734500,305700,1493200,791400,259100,1211600,714700,1301400,894700,527100,518900,920800,1001900,675700
2017-02-01,645300,984300,575000,269900,740000,306200,1502600,794700,264100,1215900,718900,1307800,899800,529600,523400,913500,1005000,678300
2017-03-01,648900,989400,575100,274300,744600,307400,1507700,794100,268500,1215800,720600,1311900,900700,530800,526000,901600,1004100,678600
2017-04-01,650500,997600,575600,278600,751800,308900,1508200,794000,272800,1213400,721700,1316900,896000,531400,529500,890600,1001700,680900
2017-05-01,654000,1006400,577800,282600,759100,310600,1502600,794700,276000,1210900,723000,1320900,889300,532300,531800,886200,998500,683900
2017-06-01,658800,1013700,579700,286600,762800,312600,1497100,796300,281400,1207700,726400,1324700,884900,534200,532200,893000,998200,686500
2017-07-01,662800,1020000,582200,291100,765000,314700,1501600,801000,288100,1202900,732800,1329300,879200,534300,533200,906400,1000500,688500
2017-08-01,668000,1027500,586200,296300,768800,317600,1508800,807200,293400,1198700,741700,1330800,866900,534300,535200,914900,1004000,692000
2017-09-01,672200,1034300,591200,302500,771200,321800,1509700,811900,297800,1196400,750900,1324900,860100,535300,534700,918700,1005300,696100
2017-10-01,673100,1040500,593200,306700,773300,324500,1506000,813400,301500,1190400,756300,1314100,864500,535600,533100,923400,1003700,699400
2017-11-01,674600,1047400,591200,308800,777600,324800,1509100,814600,303700,1184800,759300,1303500,874100,532600,534500,938900,1002900,703800
2017-12-01,678200,1055400,589500,310800,780500,324900,1514300,814600,304000,1183600,761800,1296500,878200,531000,538700,953100,1003600,709400
2018-01-01,680900,1065900,590800,313400,781600,324900,1519400,815300,304600,1186600,763500,1293000,882300,534400,542200,967600,1004400,714400
2018-02-01,683000,1076400,599100,314100,785500,327300,1527900,817300,306800,1190000,767800,1291200,885500,542300,548300,990100,1006400,720100
2018-03-01,687500,1081000,611400,311800,791400,332800,1539600,820200,308200,1196000,774700,1291000,886900,548400,553800,1013500,1007200,727400
2018-04-01,691300,1078200,619100,308600,793300,337000,1545900,820200,307400,1199500,778200,1290000,885000,548900,554100,1019600,1004000,730700
